UTC Time at End of Hour,Demand (MW),Net Generation (MW)
2015-07-01,321007.0,334989.0
2015-07-02,430456.0,443558.0
2015-07-03,408072.0,418765.0
2015-07-04,379932.0,393372.0
2015-07-05,384117.0,396720.0
2015-07-06,447192.0,461337.0
2015-07-07,498843.0,513257.0
2015-07-08,508212.0,515672.0
2015-07-09,531050.0,543355.0
2015-07-10,533736.0,547351.0
2015-07-11,516716.0,527800.0
2015-07-12,501652.0,514165.0
2015-07-13,545590.0,556504.0
2015-07-14,553246.0,565222.0
2015-07-15,499494.0,509128.0
2015-07-16,516778.0,530630.0
2015-07-17,542000.0,556764.0
2015-07-18,540830.0,553751.0
2015-07-19,528329.0,548022.0
2015-07-20,560405.0,576262.0
2015-07-21,548904.0,568275.0
2015-07-22,516639.0,537736.0
2015-07-23,494138.0,522853.0
2015-07-24,506655.0,528709.0
2015-07-25,503610.0,526743.0
2015-07-26,500738.0,523546.0
2015-07-27,542654.0,556634.0
2015-07-28,567831.0,571486.0
2015-07-29,551373.0,551640.0
2015-07-30,553711.0,558774.0
2015-07-31,500971.0,514908.0
2015-08-01,478365.0,493372.0
2015-08-02,473020.0,489402.0
2015-08-03,506624.0,524296.0
2015-08-04,546801.0,566186.0
2015-08-05,536101.0,554433.0
2015-08-06,458768.0,487390.0
2015-08-07,463750.0,489816.0
2015-08-08,469166.0,491027.0
2015-08-09,482676.0,495341.0
2015-08-10,516031.0,530198.0
2015-08-11,517463.0,532541.0
2015-08-12,495772.0,509885.0
2015-08-13,467615.0,483226.0
2015-08-14,462215.0,486500.0
2015-08-15,444584.0,471503.0
2015-08-16,434012.0,456656.0
2015-08-17,453886.0,482272.0
2015-08-18,472197.0,499457.0
2015-08-19,486300.0,505853.0
2015-08-20,453885.0,485248.0
2015-08-21,443906.0,466339.0
2015-08-22,428846.0,446294.0
2015-08-23,438787.0,454666.0
2015-08-24,469424.0,487469.0
2015-08-25,426582.0,456738.0
2015-08-26,413939.0,440249.0
2015-08-27,415900.0,441197.0
2015-08-28,440418.0,464304.0
2015-08-29,445600.0,465967.0
2015-08-30,418593.0,439477.0
2015-08-31,451842.0,474202.0
2015-09-01,486199.0,513255.0
2015-09-02,500531.0,526382.0
2015-09-03,512120.0,534240.0
2015-09-04,514998.0,540481.0
2015-09-05,482116.0,498739.0
2015-09-06,458014.0,473773.0
2015-09-07,451334.0,471356.0
2015-09-08,481777.0,502446.0
2015-09-09,484520.0,509072.0
2015-09-10,451448.0,480610.0
2015-09-11,449127.0,471995.0
2015-09-12,376860.0,388996.0
2015-09-13,330973.0,339848.0
2015-09-14,362107.0,371474.0
2015-09-15,386868.0,399145.0
2015-09-16,404002.0,419396.0
2015-09-17,417493.0,433274.0
2015-09-18,431471.0,443479.0
2015-09-19,416845.0,428653.0
2015-09-20,395645.0,409265.0
2015-09-21,396765.0,414437.0
2015-09-22,401922.0,417726.0
2015-09-23,417242.0,432108.0
2015-09-24,425269.0,443057.0
2015-09-25,403960.0,421626.0
2015-09-26,367472.0,384224.0
2015-09-27,370547.0,384759.0
2015-09-28,409774.0,427388.0
2015-09-29,426184.0,447257.0
2015-09-30,408238.0,437517.0
2015-10-01,372620.0,406403.0
2015-10-02,352838.0,381403.0
2015-10-03,331148.0,344307.0
2015-10-04,325555.0,335174.0
2015-10-05,369710.0,377012.0
2015-10-06,406702.0,404881.0
2015-10-07,409397.0,406535.0
2015-10-08,410536.0,413632.0
2015-10-09,408844.0,417180.0
2015-10-10,349425.0,359463.0
2015-10-11,328079.0,335466.0
2015-10-12,362141.0,371748.0
2015-10-13,379272.0,388792.0
2015-10-14,367842.0,377152.0
2015-10-15,372193.0,381167.0
2015-10-16,364986.0,375196.0
2015-10-17,340056.0,346602.0
2015-10-18,342559.0,349423.0
2015-10-19,377644.0,385056.0
2015-10-20,373112.0,384632.0
2015-10-21,368748.0,377293.0
2015-10-22,369716.0,379916.0
2015-10-23,369489.0,381848.0
2015-10-24,351210.0,362165.0
2015-10-25,330307.0,341862.0
2015-10-26,352741.0,365179.0
2015-10-27,367467.0,384846.0
2015-10-28,365904.0,389795.0
2015-10-29,337097.0,356317.0
2015-10-30,344635.0,367414.0
2015-10-31,337445.0,365710.0
2015-11-01,315710.0,348513.0
2015-11-02,336526.0,370298.0
2015-11-03,368994.0,395164.0
2015-11-04,371926.0,395708.0
2015-11-05,379808.0,400654.0
2015-11-06,382644.0,399133.0
2015-11-07,345307.0,357960.0
2015-11-08,336366.0,348425.0
2015-11-09,365063.0,374588.0
2015-11-10,370190.0,381664.0
2015-11-11,380358.0,396766.0
2015-11-12,366213.0,385008.0
2015-11-13,380628.0,393009.0
2015-11-14,394057.0,406334.0
2015-11-15,379828.0,391636.0
2015-11-16,398114.0,407034.0
2015-11-17,380025.0,392635.0
2015-11-18,372127.0,385981.0
2015-11-19,376741.0,387681.0
2015-11-20,394161.0,403667.0
2015-11-21,397588.0,407498.0
2015-11-22,413629.0,420640.0
2015-11-23,476539.0,489273.0
2015-11-24,462279.0,473138.0
2015-11-25,421067.0,434870.0
2015-11-26,354078.0,367682.0
2015-11-27,309732.0,320926.0
2015-11-28,319885.0,335617.0
2015-11-29,329961.0,345409.0
2015-11-30,368648.0,381641.0
2015-12-01,380883.0,402375.0
2015-12-02,394022.0,414699.0
2015-12-03,441850.0,464155.0
2015-12-04,468019.0,488277.0
2015-12-05,438877.0,463679.0
2015-12-06,410005.0,430249.0
2015-12-07,401385.0,424899.0
2015-12-08,430571.0,453308.0
2015-12-09,421163.0,444368.0
2015-12-10,402381.0,428505.0
2015-12-11,381100.0,403304.0
2015-12-12,352172.0,372729.0
2015-12-13,337662.0,354869.0
2015-12-14,361644.0,380398.0
2015-12-15,388400.0,407753.0
2015-12-16,392824.0,406733.0
2015-12-17,385034.0,398504.0
2015-12-18,461052.0,471516.0
2015-12-19,482808.0,499392.0
2015-12-20,448998.0,468104.0
2015-12-21,418907.0,443857.0
2015-12-22,380287.0,402024.0
2015-12-23,364214.0,381237.0
2015-12-24,331242.0,349579.0
2015-12-25,312059.0,327944.0
2015-12-26,304946.0,317636.0
2015-12-27,320487.0,335896.0
2015-12-28,339016.0,357378.0
2015-12-29,354670.0,372614.0
2015-12-30,373209.0,390267.0
2015-12-31,381821.0,399597.0
2016-01-01,409803.0,431804.0
2016-01-02,437460.0,455196.0
2016-01-03,435998.0,461231.0
2016-01-04,475729.0,497840.0
2016-01-05,525056.0,540234.0
2016-01-06,515090.0,535043.0
2016-01-07,482995.0,506784.0
2016-01-08,410294.0,435729.0
2016-01-09,388859.0,410036.0
2016-01-10,437906.0,456333.0
2016-01-11,570127.0,584353.0199999993
2016-01-12,512504.0,543964.0
2016-01-13,520148.0,546618.0
2016-01-14,478372.0,505808.0
2016-01-15,439594.0,463205.0
2016-01-16,428971.0,453522.0
2016-01-17,457030.0,485780.0
2016-01-18,553930.0,580249.0
2016-01-19,584172.7999999999,584353.0199999993
2016-01-20,570000.0,584353.0199999993
2016-01-21,531334.0,555394.0
2016-01-22,529153.0,552110.0
2016-01-23,556447.0,584353.0199999993
2016-01-24,553642.0,581022.0
2016-01-25,504312.0,525377.0
2016-01-26,448217.0,473624.0
2016-01-27,487456.0,513051.0
2016-01-28,519036.0,541364.0
2016-01-29,469435.0,493327.0
2016-01-30,419243.0,441456.0
2016-01-31,362023.0,385636.0
2016-02-01,370946.0,387501.0
2016-02-02,390266.0,406107.0
2016-02-03,373993.0,389353.0
2016-02-04,443752.0,454098.0
2016-02-05,492459.0,498685.0
2016-02-06,464551.0,479744.0
2016-02-07,445726.0,461174.0
2016-02-08,450557.0,467534.0
2016-02-09,547918.0,558968.0
2016-02-10,584172.7999999999,584353.0199999993
2016-02-11,541041.0,552274.0
2016-02-12,496495.0,510840.0
2016-02-13,512178.0,527118.0
2016-02-14,533015.0,549003.0
2016-02-15,499437.0,513994.0
2016-02-16,474518.0,487375.0
2016-02-17,473883.0,486376.0
2016-02-18,475515.0,486454.0
2016-02-19,413992.0,429019.0
2016-02-20,357079.0,370537.0
2016-02-21,339708.0,351396.0
2016-02-22,370532.0,381242.0
2016-02-23,398668.0,410698.0
2016-02-24,407689.0,424492.0
2016-02-25,475510.0,489280.0
2016-02-26,470789.0,487543.0
2016-02-27,440113.0,456315.0
2016-02-28,380588.0,396479.0
2016-02-29,364459.0,378845.0
2016-03-01,387429.0,400520.0
2016-03-02,436928.0,448035.0
2016-03-03,468783.0,483637.0
2016-03-04,441144.0,459176.0
2016-03-05,424946.0,440034.0
2016-03-06,376290.0,394714.0
2016-03-07,384185.0,402576.0
2016-03-08,373207.0,388200.0
2016-03-09,366351.0,384749.0
2016-03-10,369512.0,385349.0
2016-03-11,370980.0,388603.0
2016-03-12,346245.0,360440.0
2016-03-13,309905.0,319712.0
2016-03-14,334639.0,350432.0
2016-03-15,366913.0,383249.0
2016-03-16,370131.0,388624.0
2016-03-17,357391.0,375555.0
2016-03-18,360117.0,372596.0
2016-03-19,336779.0,348529.0
2016-03-20,362028.0,368124.0
2016-03-21,419333.0,423250.0
2016-03-22,404211.0,414003.0
2016-03-23,367092.0,375982.0
2016-03-24,357361.0,364391.0
2016-03-25,347182.0,356253.0
2016-03-26,350139.0,350100.0
2016-03-27,314348.0,323940.0
2016-03-28,343103.0,351659.0
2016-03-29,376742.0,386080.0
2016-03-30,374419.0,383227.0
2016-03-31,365072.0,375978.0
2016-04-01,357799.0,369483.0
2016-04-02,337880.0,348897.0
2016-04-03,343304.0,353450.0
2016-04-04,363925.0,374490.0
2016-04-05,369821.0,381272.0
2016-04-06,383309.0,399174.0
2016-04-07,374672.0,388501.0
2016-04-08,376546.0,390004.0
2016-04-09,374894.0,383263.0
2016-04-10,368321.0,375576.0
2016-04-11,365574.0,373192.0
2016-04-12,367696.0,377748.0
2016-04-13,371959.0,380159.0
2016-04-14,362651.0,371020.0
2016-04-15,361523.0,369501.0
2016-04-16,341183.0,339079.0
2016-04-17,333103.0,326089.0
2016-04-18,368747.0,360083.0
2016-04-19,376635.0,368780.0
2016-04-20,379939.0,376214.0
2016-04-21,385045.0,383953.0
2016-04-22,374610.0,374433.0
2016-04-23,346324.0,344196.0
2016-04-24,342181.0,342301.0
2016-04-25,388239.0,384142.0
2016-04-26,410941.0,393837.0
2016-04-27,419489.0,403877.0
2016-04-28,414916.0,412847.0
2016-04-29,394359.0,403637.0
2016-04-30,354270.0,365017.0
2016-05-01,361163.0,369610.0
2016-05-02,382572.0,394771.0
2016-05-03,369741.0,383690.0
2016-05-04,361113.0,375357.0
2016-05-05,360956.0,373808.0
2016-05-06,367415.0,375191.0
2016-05-07,350465.0,354863.0
2016-05-08,362872.0,357163.0
2016-05-09,387733.0,377776.0
2016-05-10,405249.0,403024.0
2016-05-11,442583.0,427256.0
2016-05-12,441950.0,441831.0
2016-05-13,399612.0,410137.0
2016-05-14,349076.0,360124.0
2016-05-15,326773.0,336990.0
2016-05-16,357373.0,368838.0
2016-05-17,375235.0,385306.0
2016-05-18,379818.0,392206.0
2016-05-19,374954.0,388948.0
2016-05-20,378471.0,391000.0
2016-05-21,362422.0,373587.0
2016-05-22,349053.0,361280.0
2016-05-23,390115.0,401142.0
2016-05-24,419310.0,429625.0
2016-05-25,431074.0,441017.0
2016-05-26,446447.0,456555.0
2016-05-27,445658.0,455891.0
2016-05-28,417002.0,429458.0
2016-05-29,413674.0,428392.0
2016-05-30,429053.0,441670.0
2016-05-31,454013.0,466174.0
2016-06-01,484977.0,494555.0
2016-06-02,461769.0,472008.0
2016-06-03,460819.0,471009.0
2016-06-04,434304.0,446721.0
2016-06-05,411989.0,426560.0
2016-06-06,447743.0,457902.0
2016-06-07,462533.0,471617.0
2016-06-08,438206.0,445923.0
2016-06-09,436211.0,441580.0
2016-06-10,460470.0,464203.0
2016-06-11,476917.0,480728.0
2016-06-12,487042.0,484675.0
2016-06-13,525052.0,508306.0
2016-06-14,527305.0,514051.0
2016-06-15,509419.0,500799.0
2016-06-16,512834.0,502051.0
2016-06-17,544877.0,540364.0
2016-06-18,468590.0,471931.0
2016-06-19,458156.0,466150.0
2016-06-20,486236.0,493041.0
2016-06-21,515032.0,518097.0
2016-06-22,541522.0,530340.0
2016-06-23,569743.0,540163.0
2016-06-24,548989.0,530630.0
2016-06-25,523663.0,517615.0
2016-06-26,511011.0,513176.0
2016-06-27,518935.0,528144.0
2016-06-28,495318.0,500819.0
2016-06-29,497314.0,501684.0
2016-06-30,470631.0,478076.0
2016-07-01,482019.0,486247.0
2016-07-02,478746.0,485161.0
2016-07-03,476834.0,481878.0
2016-07-04,492265.0,489440.0
2016-07-05,485614.0,494666.0
2016-07-06,509559.0,513103.0
2016-07-07,508929.0,511376.0
2016-07-08,534611.0,521352.0
2016-07-09,494821.0,486412.0
2016-07-10,464977.0,464390.0
2016-07-11,491376.0,496839.0
2016-07-12,519639.0,529279.0
2016-07-13,540799.0,538239.0
2016-07-14,535424.0,512543.0
2016-07-15,497442.0,499974.0
2016-07-16,489687.0,499724.0
2016-07-17,487783.0,495447.0
2016-07-18,550196.0,544719.0
2016-07-19,567415.0,551190.0
2016-07-20,550000.0,529726.0
2016-07-21,556151.0,527709.0
2016-07-22,569505.0,541305.0
2016-07-23,523328.0,518475.0
2016-07-24,508466.0,513592.0
2016-07-25,562514.0,556973.0
2016-07-26,567844.0,553439.0
2016-07-27,564072.0,552736.0
2016-07-28,521570.0,522633.0
2016-07-29,503573.0,504264.0
2016-07-30,480539.0,487007.0
2016-07-31,487712.0,495165.0
2016-08-01,530067.0,533065.0
2016-08-02,535975.0,543950.0
2016-08-03,541640.0,548944.0
2016-08-04,545002.0,550663.0
2016-08-05,553464.0,551396.0
2016-08-06,514525.0,517710.0
2016-08-07,499582.0,504726.0
2016-08-08,528806.0,535297.0
2016-08-09,549573.0,559137.0
2016-08-10,546432.0,556624.0
2016-08-11,552274.0,562760.0
2016-08-12,547220.0,558547.0
2016-08-13,514824.0,526101.0
2016-08-14,489156.0,498621.0
2016-08-15,518786.0,530533.0
2016-08-16,527877.0,538919.0
2016-08-17,520847.0,532283.0
2016-08-18,496504.0,504811.0
2016-08-19,475891.0,488098.0
2016-08-20,459218.0,469840.0
2016-08-21,443056.0,456991.0
2016-08-22,450690.0,465228.0
2016-08-23,468081.0,482085.0
2016-08-24,517269.0,520217.0
2016-08-25,550105.0,545037.0
2016-08-26,545342.0,537958.0
2016-08-27,505770.0,503702.0
2016-08-28,497933.0,500519.0
2016-08-29,527183.0,519940.0
2016-08-30,543889.0,534895.0
2016-08-31,548505.0,541713.0
2016-09-01,526673.0,523842.0
2016-09-02,473910.0,482820.0
2016-09-03,428184.0,439005.0
2016-09-04,441310.0,447633.0
2016-09-05,462236.0,467312.0
2016-09-06,497827.0,492776.0
2016-09-07,517314.0,501328.0
2016-09-08,523538.0,503597.0
2016-09-09,520193.0,507892.0
2016-09-10,493298.0,493818.0
2016-09-11,434451.0,441976.0
2016-09-12,441659.0,443854.0
2016-09-13,490753.0,487558.0
2016-09-14,505363.0,496737.0
2016-09-15,511675.0,496295.0
2016-09-16,512745.0,498812.0
2016-09-17,464323.0,460032.0
2016-09-18,436900.0,441089.0
2016-09-19,465280.0,471733.0
2016-09-20,475769.0,477885.0
2016-09-21,475449.0,476663.0
2016-09-22,489130.0,483031.0
2016-09-23,496550.0,479783.0
2016-09-24,473305.0,446301.0
2016-09-25,467108.0,445905.0
2016-09-26,460405.0,440246.0
2016-09-27,411479.0,419381.0
2016-09-28,398127.0,414894.0
2016-09-29,377240.0,394920.0
2016-09-30,363630.0,381948.0
2016-10-01,344476.0,354995.0
2016-10-02,345270.0,356562.0
2016-10-03,382965.0,389903.0
2016-10-04,408465.0,408962.0
2016-10-05,425923.0,421967.0
2016-10-06,425410.0,424942.0
2016-10-07,421668.0,420330.0
2016-10-08,376661.0,379582.0
2016-10-09,331584.0,337190.0
2016-10-10,360673.0,365883.0
2016-10-11,376779.0,382650.0
2016-10-12,372951.0,379560.0
2016-10-13,375270.0,379974.0
2016-10-14,373057.0,380471.0
2016-10-15,363774.0,372901.0
2016-10-16,365920.0,372785.0
2016-10-17,406976.0,409874.0
2016-10-18,432128.0,422041.0
2016-10-19,440979.0,429123.0
2016-10-20,428152.0,427026.0
2016-10-21,366333.0,371548.0
2016-10-22,335492.0,342903.0
2016-10-23,334928.0,343360.0
2016-10-24,359699.0,357374.0
2016-10-25,368507.0,347331.0
2016-10-26,372064.0,353438.0
2016-10-27,376320.0,364652.0
2016-10-28,377756.0,361688.0
2016-10-29,361524.0,346105.0
2016-10-30,353784.0,340259.0
2016-10-31,389696.0,379025.0
2016-11-01,402072.0,394401.0
2016-11-02,394188.0,393137.0
2016-11-03,391697.0,392452.0
2016-11-04,381794.0,375431.0
2016-11-05,340334.0,341495.0
2016-11-06,327881.0,331810.0
2016-11-07,350558.0,352959.0
2016-11-08,371100.0,375329.0
2016-11-09,365133.0,366765.0
2016-11-10,380959.0,381805.0
2016-11-11,389184.0,390816.0
2016-11-12,360063.0,361032.0
2016-11-13,365716.0,367944.0
2016-11-14,391648.0,394732.0
2016-11-15,399953.0,399542.0
2016-11-16,387391.0,387269.0
2016-11-17,384029.0,383971.0
2016-11-18,376879.0,379795.0
2016-11-19,360864.0,363283.0
2016-11-20,405788.0,410017.0
2016-11-21,449722.0,446826.0
2016-11-22,444835.0,441754.0
2016-11-23,400218.0,401108.0
2016-11-24,346635.0,348599.0
2016-11-25,327217.0,331086.0
2016-11-26,368672.0,366377.0
2016-11-27,421226.0,408607.0
2016-11-28,401474.0,393877.0
2016-11-29,380466.0,368936.0
2016-11-30,369366.0,359918.0
2016-12-01,412291.0,395407.0
2016-12-02,447090.0,424288.0
2016-12-03,428738.0,420612.0
2016-12-04,415072.0,415804.0
2016-12-05,418655.0,421516.0
2016-12-06,415877.0,421172.0
2016-12-07,433003.0,440194.0
2016-12-08,464191.0,453548.0
2016-12-09,508962.0,480669.0
2016-12-10,532915.0,498811.0
2016-12-11,480224.0,473497.0
2016-12-12,414154.0,424116.0
2016-12-13,448360.0,461505.0
2016-12-14,463152.0,470733.0
2016-12-15,531258.0,530578.0
2016-12-16,569107.0,572576.0
2016-12-17,429234.0,437392.0
2016-12-18,427776.0,423311.0
2016-12-19,551167.0,537364.0
2016-12-20,560317.0,557533.0
2016-12-21,524524.0,513503.0
2016-12-22,433447.0,434215.0
2016-12-23,430960.0,432243.0
2016-12-24,362615.0,367549.0
2016-12-25,320750.0,329033.0
2016-12-26,318253.0,324728.0
2016-12-27,345772.0,354642.0
2016-12-28,406153.0,419140.0
2016-12-29,381152.0,395306.0
2016-12-30,434994.0,453217.0
2016-12-31,444988.0,460826.0
2017-01-01,381785.0,394238.0
2017-01-02,354415.0,365566.0
2017-01-03,366400.0,380602.0
2017-01-04,418229.0,435075.0
2017-01-05,519160.0,527959.0
2017-01-06,567845.0,567231.0
2017-01-07,584172.7999999999,584353.0199999993
2017-01-08,584172.7999999999,584353.0199999993
2017-01-09,566493.0,576339.0
2017-01-10,483244.0,499970.0
2017-01-11,405236.0,420804.0
2017-01-12,377555.0,392646.0
2017-01-13,384295.0,396353.0
2017-01-14,371744.0,384388.0
2017-01-15,352176.0,357145.0
2017-01-16,368840.0,383815.0
2017-01-17,375209.0,391613.0
2017-01-18,387321.0,401950.0
2017-01-19,402583.0,416419.0
2017-01-20,378789.0,392931.0
2017-01-21,355284.0,370891.0
2017-01-22,341624.0,355764.0
2017-01-23,383735.0,401484.0
2017-01-24,424906.0,444093.0
2017-01-25,420829.0,440999.0
2017-01-26,405738.0,423095.0
2017-01-27,467885.0,483209.0
2017-01-28,460314.0,480336.0
2017-01-29,431822.0,453146.0
2017-01-30,469488.0,489710.0
2017-01-31,430694.0,451137.0
2017-02-01,383721.0,402265.0
2017-02-02,372288.0,390552.0
2017-02-03,372288.0,390552.0
2017-02-04,454119.0,466426.0
2017-02-05,411834.0,430142.0
2017-02-06,419995.0,437799.0
2017-02-07,389990.0,406049.0
2017-02-08,378897.0,394458.0
2017-02-09,444955.0,459744.0
2017-02-10,491185.0,502914.0
2017-02-11,375275.0,391430.0
2017-02-12,334676.0,347965.0
2017-02-13,394164.0,410936.0
2017-02-14,441696.0,455231.0
2017-02-15,423104.0,439840.0
2017-02-16,456447.0,468308.0
2017-02-17,420651.0,436745.0
2017-02-18,373080.0,379968.0
2017-02-19,352290.0,358075.0
2017-02-20,369922.0,384943.0
2017-02-21,373315.0,388143.0
2017-02-22,372387.0,386147.0
2017-02-23,369593.0,383104.0
2017-02-24,367555.0,377295.0
2017-02-25,348394.0,355092.0
2017-02-26,404940.0,390474.0
2017-02-27,373947.0,366357.0
2017-02-28,106526.0,104475.0
2017-03-01,252281.0,257951.0
2017-03-02,396505.0,402281.0
2017-03-03,430108.0,428172.0
2017-03-04,422885.0,423741.0
2017-03-05,369778.0,379721.0
2017-03-06,369653.0,378901.0
2017-03-07,373414.0,380863.0
2017-03-08,391790.0,397968.0
2017-03-09,369645.0,375073.0
2017-03-10,360024.0,365136.0
2017-03-11,360024.0,365136.0
2017-03-12,360024.0,365136.0
2017-03-13,434988.0,437497.0
2017-03-14,478775.0,474703.0
2017-03-15,528083.0,523716.0
2017-03-16,507678.0,507469.0
2017-03-17,436646.0,442879.0
2017-03-18,351636.0,363215.0
2017-03-19,359283.0,365854.0
2017-03-20,389241.0,380648.0
2017-03-21,381334.0,368346.0
2017-03-22,362407.0,361754.0
2017-03-23,387442.0,385278.0
2017-03-24,362492.0,365635.0
2017-03-25,336077.0,335363.0
2017-03-26,322046.0,320679.0
2017-03-27,356273.0,349499.0
2017-03-28,368381.0,353454.0
2017-03-29,375278.0,363864.0
2017-03-30,381366.0,374954.0
2017-03-31,354210.0,357028.0
2017-04-01,337604.0,332847.0
2017-04-02,335153.0,320793.0
2017-04-03,357854.0,341817.0
2017-04-04,372082.0,355697.0
2017-04-05,379487.0,367026.0
2017-04-06,373516.0,359062.0
2017-04-07,388298.0,365431.0
2017-04-08,365659.0,347535.0
2017-04-09,341041.0,333190.0
2017-04-10,365896.0,359590.0
2017-04-11,380431.0,374366.0
2017-04-12,378956.0,367720.0
2017-04-13,389315.0,380673.0
2017-04-14,379107.0,377770.0
2017-04-15,368217.0,371783.0
2017-04-16,360687.0,363329.0
2017-04-17,378945.0,379244.0
2017-04-18,387150.0,386804.0
2017-04-19,401176.0,397037.0
2017-04-20,416253.0,406821.0
2017-04-21,404426.0,399551.0
2017-04-22,353789.0,360221.0
2017-04-23,327886.0,340868.0
2017-04-24,357897.0,372006.0
2017-04-25,371114.0,379941.0
2017-04-26,391630.0,400044.0
2017-04-27,387036.0,395580.0
2017-04-28,382585.0,382075.0
2017-04-29,429352.0,416039.0
2017-04-30,403038.0,393461.0
2017-05-01,374937.0,380975.0
2017-05-02,371734.0,376765.0
2017-05-03,383131.0,391455.0
2017-05-04,377575.0,379736.0
2017-05-05,365151.0,370502.0
2017-05-06,352143.0,364030.0
2017-05-07,336944.0,348309.0
2017-05-08,372073.0,374494.0
2017-05-09,411330.0,405892.0
2017-05-10,431901.0,414760.0
2017-05-11,440738.0,429052.0
2017-05-12,414135.0,416522.0
2017-05-13,360958.0,371340.0
2017-05-14,357007.0,364391.0
2017-05-15,420059.0,408099.0
2017-05-16,457019.0,418543.0
2017-05-17,466385.0,423040.0
2017-05-18,482827.0,456495.0
2017-05-19,482923.0,457120.0
2017-05-20,458361.0,447708.0
2017-05-21,402019.0,410364.0
2017-05-22,407198.0,420478.0
2017-05-23,404564.0,418304.0
2017-05-24,387625.0,401741.0
2017-05-25,371227.0,386548.0
2017-05-26,395927.0,409098.0
2017-05-27,412198.0,423329.0
2017-05-28,372142.0,386709.0
2017-05-29,380406.0,393593.0
2017-05-30,422835.0,431423.0
2017-05-31,438602.0,450709.0
2017-06-01,448779.0,457578.0
2017-06-02,449733.0,457990.0
2017-06-03,435382.0,445387.0
2017-06-04,418507.0,432076.0
2017-06-05,433155.0,445200.0
2017-06-06,449514.0,457687.0
2017-06-07,421016.0,430589.0
2017-06-08,406912.0,418844.0
2017-06-09,413302.0,425023.0
2017-06-10,417301.0,423688.0
2017-06-11,436869.0,436190.0
2017-06-12,502596.0,497039.0
2017-06-13,517531.0,510863.0
2017-06-14,513515.0,498906.0
2017-06-15,491549.0,474047.0
2017-06-16,467219.0,456049.0
2017-06-17,467543.0,454634.0
2017-06-18,466379.0,460275.0
2017-06-19,462109.0,467203.0
2017-06-20,476117.0,479302.0
2017-06-21,478604.0,482785.0
2017-06-22,464922.0,473781.0
2017-06-23,476327.0,487279.0
2017-06-24,449154.0,456239.0
2017-06-25,402501.0,409188.0
2017-06-26,415829.0,425436.0
2017-06-27,436539.0,441481.0
2017-06-28,449320.0,450364.0
2017-06-29,482421.0,482746.0
2017-06-30,480728.0,479061.0
2017-07-01,476590.0,468181.0
2017-07-02,438931.0,435432.0
2017-07-03,424318.0,432137.0
2017-07-04,419904.0,426974.0
2017-07-05,458334.0,455415.0
2017-07-06,451871.0,459481.0
2017-07-07,491809.0,499429.0
2017-07-08,483547.0,494418.0
2017-07-09,454209.0,464257.0
2017-07-10,499426.0,501868.0
2017-07-11,524615.0,523049.0
2017-07-12,546443.0,540567.0
2017-07-13,559988.0,545014.0
2017-07-14,550429.0,538942.0
2017-07-15,484902.0,481451.0
2017-07-16,474787.0,479614.0
2017-07-17,515385.0,520717.0
2017-07-18,539496.0,542567.0
2017-07-19,557582.0,558174.0
2017-07-20,564050.0,563609.0
2017-07-21,578085.0,568447.0
2017-07-22,569845.0,561793.0
2017-07-23,547486.0,547856.0
2017-07-24,537031.0,538928.0
2017-07-25,556442.0,551967.0
2017-07-26,565655.0,561046.0
2017-07-27,571606.0,564831.0
2017-07-28,515673.0,524609.0
2017-07-29,470800.0,479866.0
2017-07-30,434118.0,443955.0
2017-07-31,473172.0,484298.0
2017-08-01,485702.0,500830.0
2017-08-02,489726.0,506331.0
2017-08-03,499998.0,513821.0
2017-08-04,497027.0,510167.0
2017-08-05,434449.0,447744.0
2017-08-06,433336.0,447871.0
2017-08-07,471493.0,489507.0
2017-08-08,471597.0,488512.0
2017-08-09,470675.0,483504.0
2017-08-10,492631.0,509015.0
2017-08-11,497825.0,517505.0
2017-08-12,470483.0,488266.0
2017-08-13,452265.0,470080.0
2017-08-14,474368.0,494433.0
2017-08-15,494773.0,516213.0
2017-08-16,515674.0,533551.0
2017-08-17,538859.0,550231.0
2017-08-18,527105.0,539450.0
2017-08-19,486812.0,499986.0
2017-08-20,501153.0,508937.0
2017-08-21,527454.0,538271.0
2017-08-22,551501.0,559484.0
2017-08-23,513912.0,527308.0
2017-08-24,459110.0,475354.0
2017-08-25,447018.0,463638.0
2017-08-26,433338.0,441955.0
2017-08-27,437986.0,444433.0
2017-08-28,451484.0,460571.0
2017-08-29,447076.0,461723.0
2017-08-30,451819.0,465182.0
2017-08-31,435416.0,452264.0
2017-09-01,414583.0,434257.0
2017-09-02,368662.0,392982.0
2017-09-03,373390.0,391940.0
2017-09-04,405216.0,418826.0
2017-09-05,430593.0,448349.0
2017-09-06,387041.0,414036.0
2017-09-07,375647.0,403807.0
2017-09-08,377418.0,390212.0
2017-09-09,366692.0,373222.0
2017-09-10,359693.0,369777.0
2017-09-11,368982.0,374810.0
2017-09-12,364205.0,370508.0
2017-09-13,363306.0,376662.0
2017-09-14,385592.0,399483.0
2017-09-15,423158.0,437217.0
2017-09-16,422562.0,437803.0
2017-09-17,422800.0,435591.0
2017-09-18,462749.0,469948.0
2017-09-19,466092.0,473234.0
2017-09-20,467962.0,475886.0
2017-09-21,489480.0,500452.0
2017-09-22,482518.0,493296.0
2017-09-23,459214.0,467856.0
2017-09-24,439170.0,448151.0
2017-09-25,459275.0,469086.0
2017-09-26,469726.0,474349.0
2017-09-27,473333.0,477678.0
2017-09-28,458567.0,469294.0
2017-09-29,414314.0,432173.0
2017-09-30,364956.0,379279.0
2017-10-01,343225.0,356611.0
2017-10-02,371559.0,386861.0
2017-10-03,410138.0,425625.0
2017-10-04,411842.0,423566.0
2017-10-05,410653.0,421162.0
2017-10-06,408593.0,417256.0
2017-10-07,391671.0,400432.0
2017-10-08,401684.0,404520.0
2017-10-09,443217.0,446266.0
2017-10-10,462456.0,469642.0
2017-10-11,425802.0,440087.0
2017-10-12,379394.0,396611.0
2017-10-13,378751.0,395072.0
2017-10-14,379355.0,381166.0
2017-10-15,375555.0,380120.0
2017-10-16,349187.0,358370.0
2017-10-17,357543.0,366593.0
2017-10-18,361509.0,368861.0
2017-10-19,364031.0,370037.0
2017-10-20,361697.0,371106.0
2017-10-21,338512.0,345914.0
2017-10-22,337919.0,345188.0
2017-10-23,361277.0,370419.0
2017-10-24,359253.0,366616.0
2017-10-25,378053.0,383296.0
2017-10-26,387563.0,390039.0
2017-10-27,368138.0,374872.0
2017-10-28,360269.0,363221.0
2017-10-29,394011.0,383522.0
2017-10-30,429933.0,411278.0
2017-10-31,395351.0,391777.0
2017-11-01,381234.0,397748.0
2017-11-02,367606.0,388028.0
2017-11-03,375788.0,384883.0
2017-11-04,349074.0,362478.0
2017-11-05,344314.0,351810.0
2017-11-06,357672.0,370341.0
2017-11-07,372149.0,395734.0
2017-11-08,379354.0,398097.0
2017-11-09,389972.0,403350.0
2017-11-10,400498.0,419003.0
2017-11-11,407069.0,426874.0
2017-11-12,361353.0,385178.0
2017-11-13,383306.0,406395.0
2017-11-14,418403.0,435881.0
2017-11-15,415171.0,426284.0
2017-11-16,384070.0,400488.0
2017-11-17,413908.0,426853.0
2017-11-18,364181.0,369729.0
2017-11-19,372893.0,373300.0
2017-11-20,458513.0,449920.0
2017-11-21,440254.0,450095.0
2017-11-22,418148.0,429205.0
2017-11-23,430214.0,440176.0
2017-11-24,389882.0,402295.0
2017-11-25,358359.0,372678.0
2017-11-26,366821.0,381796.0
2017-11-27,424509.0,431358.0
2017-11-28,427113.0,432135.0
2017-11-29,413084.0,423761.0
2017-11-30,393727.0,401654.0
2017-12-01,388311.0,399705.0
2017-12-02,374980.0,384574.0
2017-12-03,369331.0,380931.0
2017-12-04,390377.0,403359.0
2017-12-05,388763.0,403464.0
2017-12-06,452093.0,463665.0
2017-12-07,469140.0,479856.0
2017-12-08,507017.0,515634.0
2017-12-09,507929.0,516624.0
2017-12-10,487727.0,500954.0
2017-12-11,472305.0,488071.0
2017-12-12,450180.0,468475.0
2017-12-13,523268.0,519759.0
2017-12-14,474806.0,485669.0
2017-12-15,510385.0,521325.0
2017-12-16,504279.0,510028.0
2017-12-17,449106.0,465129.0
2017-12-18,426507.0,445962.0
2017-12-19,426809.0,449884.0
2017-12-20,398487.0,417544.0
2017-12-21,403615.0,424273.0
2017-12-22,389249.0,412171.0
2017-12-23,360546.0,388720.0
2017-12-24,397131.0,420452.0
2017-12-25,454647.0,479387.0
2017-12-26,465075.0,491171.0
2017-12-27,510018.0,533091.0
2017-12-28,566805.0,584353.0199999993
2017-12-29,512740.0,531628.0
2017-12-30,487417.0,507431.0
2017-12-31,547113.0,562336.0
2018-01-01,584172.7999999999,584353.0199999993
2018-01-02,584172.7999999999,584353.0199999993
2018-01-03,584172.7999999999,584353.0199999993
2018-01-04,584172.7999999999,584353.0199999993
2018-01-05,584172.7999999999,584353.0199999993
2018-01-06,584172.7999999999,584353.0199999993
2018-01-07,584172.7999999999,584353.0199999993
2018-01-08,520771.0,533821.0
2018-01-09,479368.0,494785.0
2018-01-10,429194.0,445160.0
2018-01-11,389785.0,406840.0
2018-01-12,432334.0,444819.0
2018-01-13,577075.0,560610.0
2018-01-14,584172.7999999999,584353.0199999993
2018-01-15,558464.0,566271.0
2018-01-16,584172.7999999999,584353.0199999993
2018-01-17,584172.7999999999,584353.0199999993
2018-01-18,584172.7999999999,584353.0199999993
2018-01-19,584172.7999999999,584353.0199999993
2018-01-20,464327.0,460981.0
2018-01-21,393896.0,392177.0
2018-01-22,393138.0,390240.0
2018-01-23,422796.0,421624.0
2018-01-24,474948.0,484388.0
2018-01-25,496616.0,508377.0
2018-01-26,470236.0,483551.0
2018-01-27,404977.0,417965.0
2018-01-28,370228.0,383992.0
2018-01-29,432460.0,445631.0
2018-01-30,507889.0,521889.0
2018-01-31,512726.0,533768.0
2018-02-01,443966.0,464211.0
2018-02-02,523537.0,539328.0
2018-02-03,528381.0,543135.0
2018-02-04,436208.0,455109.0
2018-02-05,493031.0,509812.0
2018-02-06,494236.0,517195.0
2018-02-07,473980.0,495767.0
2018-02-08,518177.0,535761.0
2018-02-09,481044.0,501839.0
2018-02-10,389139.0,413852.0
2018-02-11,370627.0,393759.0
2018-02-12,459984.0,473380.0
2018-02-13,462860.0,480652.0
2018-02-14,401882.0,423793.0
2018-02-15,377551.0,398880.0
2018-02-16,373072.0,383015.0
2018-02-17,405183.0,403253.0
2018-02-18,386748.0,385108.0
2018-02-19,366047.0,370052.0
2018-02-20,367777.0,372678.0
2018-02-21,368972.0,374012.0
2018-02-22,382862.0,387761.0
2018-02-23,373464.0,373400.0
2018-02-24,349493.0,353089.0
2018-02-25,333034.0,343756.0
2018-02-26,368718.0,373770.0
2018-02-27,398756.0,398783.0
2018-02-28,378133.0,381266.0
2018-03-01,379489.0,381269.0
2018-03-02,396774.0,393445.0
2018-03-03,400216.0,391788.0
2018-03-04,381713.0,376696.0
2018-03-05,391884.0,389340.0
2018-03-06,384431.0,385809.0
2018-03-07,425979.0,439265.0
2018-03-08,472363.0,475830.0
2018-03-09,475782.0,469262.0
2018-03-10,383030.0,399188.0
2018-03-11,336199.0,359972.0
2018-03-12,416402.0,434647.0
2018-03-13,459816.0,478663.0
2018-03-14,458296.0,481885.0
2018-03-15,444420.0,468138.0
2018-03-16,385819.0,412891.0
2018-03-17,348374.0,374483.0
2018-03-18,329633.0,351843.0
2018-03-19,365763.0,385117.0
2018-03-20,383340.0,401165.0
2018-03-21,459429.0,472698.0
2018-03-22,456063.0,459213.0
2018-03-23,420800.0,429877.0
2018-03-24,379669.0,400038.0
2018-03-25,359472.0,383009.0
2018-03-26,387439.0,405771.0
2018-03-27,391832.0,412005.0
2018-03-28,366978.0,388412.0
2018-03-29,363981.0,385724.0
2018-03-30,352617.0,376363.0
2018-03-31,360154.0,381410.0
2018-04-01,327949.0,350956.0
2018-04-02,357376.0,376261.0
2018-04-03,373320.0,390690.0
2018-04-04,369860.0,383660.0
2018-04-05,413629.0,417386.0
2018-04-06,394421.0,407792.0
2018-04-07,409339.0,409381.0
2018-04-08,439082.0,427861.0
2018-04-09,403979.0,402086.0
2018-04-10,392864.0,391398.0
2018-04-11,398536.0,398173.0
2018-04-12,377201.0,373091.0
2018-04-13,375325.0,367530.0
2018-04-14,356301.0,347113.0
2018-04-15,344398.0,341127.0
2018-04-16,430751.0,420957.0
2018-04-17,435408.0,424327.0
2018-04-18,370559.0,378133.0
2018-04-19,372052.0,388788.0
2018-04-20,383426.0,401619.0
2018-04-21,356571.0,374421.0
2018-04-22,332275.0,349917.0
2018-04-23,362581.0,380455.0
2018-04-24,371431.0,390154.0
2018-04-25,367433.0,384451.0
2018-04-26,371699.0,389143.0
2018-04-27,372599.0,391145.0
2018-04-28,343151.0,366070.0
2018-04-29,330541.0,354426.0
2018-04-30,370430.0,396135.0
2018-05-01,375762.0,398566.0
2018-05-02,394044.0,409908.0
2018-05-03,417711.0,426179.0
2018-05-04,417637.0,433603.0
2018-05-05,370347.0,398104.0
2018-05-06,345406.0,373336.0
2018-05-07,389720.0,405053.0
2018-05-08,404818.0,417709.0
2018-05-09,413240.0,426805.0
2018-05-10,437222.0,450311.0
2018-05-11,448760.0,462654.0
2018-05-12,433911.0,449058.0
2018-05-13,423664.0,438692.0
2018-05-14,480243.0,489813.0
2018-05-15,497906.0,509825.0
2018-05-16,462156.0,479188.0
2018-05-17,443362.0,466803.0
2018-05-18,430783.0,453860.0
2018-05-19,430622.0,448651.0
2018-05-20,438757.0,455979.0
2018-05-21,451034.0,464775.0
2018-05-22,463371.0,481166.0
2018-05-23,467520.0,483652.0
2018-05-24,485227.0,499368.0
2018-05-25,483499.0,502538.0
2018-05-26,429401.0,457154.0
2018-05-27,431586.0,460337.0
2018-05-28,415575.0,443449.0
2018-05-29,432033.0,460962.0
2018-05-30,467096.0,490987.0
2018-05-31,487711.0,507176.0
2018-06-01,467213.0,489374.0
2018-06-02,465497.0,489871.0
2018-06-03,463975.0,489728.0
2018-06-04,440058.0,468460.0
2018-06-05,441254.0,468368.0
2018-06-06,457233.0,477171.0
2018-06-07,487812.0,505252.0
2018-06-08,501005.0,518023.0
2018-06-09,492930.0,505501.0
2018-06-10,467282.0,480168.0
2018-06-11,493783.0,501860.0
2018-06-12,510386.0,520659.0
2018-06-13,483484.0,499521.0
2018-06-14,503149.0,512942.0
2018-06-15,533013.0,522721.0
2018-06-16,513178.0,502276.0
2018-06-17,507279.0,502670.0
2018-06-18,526862.0,517123.0
2018-06-19,547670.0,550126.0
2018-06-20,528191.0,534626.0
2018-06-21,487551.0,499352.0
2018-06-22,471037.0,477838.0
2018-06-23,446929.0,460169.0
2018-06-24,475774.0,485771.0
2018-06-25,505022.0,509857.0
2018-06-26,529068.0,524554.0
2018-06-27,507238.0,507020.0
2018-06-28,496853.0,497559.0
2018-06-29,486210.0,485355.0
2018-06-30,478762.0,488961.0
2018-07-01,455760.0,468240.0
2018-07-02,455760.0,468240.0
2018-07-03,455760.0,468240.0
2018-07-04,455760.0,468240.0
2018-07-05,455760.0,468240.0
2018-07-06,455760.0,468240.0
2018-07-07,455760.0,468240.0
2018-07-08,455760.0,468240.0
2018-07-09,455760.0,468240.0
2018-07-10,455760.0,468240.0
2018-07-11,455760.0,468240.0
2018-07-12,455760.0,468240.0
2018-07-13,455760.0,468240.0
2018-07-14,455760.0,468240.0
2018-07-15,455760.0,468240.0
2018-07-16,493839.0,497264.0
2018-07-17,543764.0,544765.0
2018-07-18,530981.0,536687.0
2018-07-19,519350.0,529911.0
2018-07-20,545379.0,557349.0
2018-07-21,519583.0,532690.0
2018-07-22,455840.0,475128.0
2018-07-23,465330.0,482551.0
2018-07-24,484880.0,500177.0
2018-07-25,505102.0,517296.0
2018-07-26,506953.0,518073.0
2018-07-27,501566.0,515686.0
2018-07-28,460158.0,473390.0
2018-07-29,449401.0,461511.0
2018-07-30,500333.0,506113.0
2018-07-31,494339.0,508081.0
2018-08-01,460278.0,480320.0
2018-08-02,460994.0,477818.0
2018-08-03,485598.0,496415.0
2018-08-04,492372.0,501159.0
2018-08-05,497155.0,501618.0
2018-08-06,532488.0,524277.0
2018-08-07,546823.0,536882.0
2018-08-08,530087.0,537526.0
2018-08-09,498198.0,515374.0
2018-08-10,486991.0,502415.0
2018-08-11,480913.0,492065.0
2018-08-12,487793.0,498010.0
2018-08-13,496119.0,507276.0
2018-08-14,499083.0,510868.0
2018-08-15,515021.0,521165.0
2018-08-16,520304.0,523666.0
2018-08-17,508133.0,520400.0
2018-08-18,471420.0,489553.0
2018-08-19,468326.0,483562.0
2018-08-20,497145.0,514067.0
2018-08-21,492344.0,513939.0
2018-08-22,467352.0,484760.0
2018-08-23,443014.0,461589.0
2018-08-24,434534.0,454457.0
2018-08-25,457530.0,472740.0
2018-08-26,485365.0,493341.0
2018-08-27,525745.0,512601.0
2018-08-28,543216.0,521803.0
2018-08-29,543422.0,532653.0
2018-08-30,521488.0,524692.0
2018-08-31,497821.0,509103.0
2018-09-01,468628.0,487715.0
2018-09-02,473830.0,496145.0
2018-09-03,488180.0,505627.0
2018-09-04,521939.0,524856.0
2018-09-05,508939.0,518187.0
2018-09-06,505629.0,513117.0
2018-09-07,507400.0,512471.0
2018-09-08,493606.0,497790.0
2018-09-09,445565.0,453626.0
2018-09-10,416661.0,431201.0
2018-09-11,417710.0,440565.0
2018-09-12,449939.0,461178.0
2018-09-13,489987.0,487239.0
2018-09-14,515084.0,507085.0
2018-09-15,497392.0,477190.0
2018-09-16,462007.0,458017.0
2018-09-17,473469.0,468132.0
2018-09-18,499725.0,479894.0
2018-09-19,512463.0,481123.0
2018-09-20,524143.0,476545.0
2018-09-21,524330.0,497062.0
2018-09-22,462300.0,458873.0
2018-09-23,410569.0,417732.0
2018-09-24,434818.0,440858.0
2018-09-25,459639.0,461719.0
2018-09-26,444772.0,451353.0
2018-09-27,402495.0,414607.0
2018-09-28,387366.0,404862.0
2018-09-29,381620.0,396797.0
2018-09-30,390313.0,399725.0
2018-10-01,439677.0,434739.0
2018-10-02,460057.0,447067.0
2018-10-03,467901.0,443252.0
2018-10-04,483265.0,442548.0
2018-10-05,489698.0,436196.0
2018-10-06,463048.0,418516.0
2018-10-07,446305.0,411345.0
2018-10-08,467809.0,411865.0
2018-10-09,466702.0,406821.0
2018-10-10,455550.0,411842.0
2018-10-11,413186.0,380088.0
2018-10-12,358103.0,344767.0
2018-10-13,338524.0,333033.0
2018-10-14,334427.0,328667.0
2018-10-15,372914.0,349855.0
2018-10-16,372632.0,345504.0
2018-10-17,366725.0,334484.0
2018-10-18,360056.0,327678.0
2018-10-19,369683.0,349505.0
2018-10-20,340428.0,329045.0
2018-10-21,347312.0,300254.0
2018-10-22,396900.0,339094.0
2018-10-23,387113.0,354428.0
2018-10-24,382332.0,348322.0
2018-10-25,381715.0,339243.0
2018-10-26,380976.0,364312.0
2018-10-27,361914.0,366060.0
2018-10-28,354326.0,363494.0
2018-10-29,368341.0,375303.0
2018-10-30,384762.0,386221.0
2018-10-31,373883.0,366588.0
2018-11-01,363059.0,348654.0
2018-11-02,370515.0,372656.0
2018-11-03,366333.0,355943.0
2018-11-04,349925.0,354437.0
2018-11-05,350456.0,362616.0
2018-11-06,360036.0,377901.0
2018-11-07,371101.0,385511.0
2018-11-08,386468.0,401756.0
2018-11-09,393613.0,408430.0
2018-11-10,433778.0,426643.0
2018-11-11,453424.0,441167.0
2018-11-12,429041.0,423389.0
2018-11-13,455383.0,451674.0
2018-11-14,506777.0,476203.0
2018-11-15,507319.0,481455.0
2018-11-16,502908.0,475415.0
2018-11-17,437110.0,427227.0
2018-11-18,394297.0,411161.0
2018-11-19,405877.0,408516.0
2018-11-20,422150.0,402049.0
2018-11-21,468094.0,430540.0
2018-11-22,424818.0,415725.0
2018-11-23,391421.0,393252.0
2018-11-24,372766.0,379315.0
2018-11-25,368721.0,380402.0
2018-11-26,433411.0,425046.0
2018-11-27,520067.0,492616.0
2018-11-28,554646.0,520163.0
2018-11-29,502044.0,481983.0
2018-11-30,409391.0,423156.0
2018-12-01,366119.0,388461.0
2018-12-02,344518.0,369309.0
2018-12-03,397106.0,419673.0
2018-12-04,459563.0,467243.0
2018-12-05,501905.0,488641.0
2018-12-06,536162.0,493795.0
2018-12-07,471207.0,468632.0
2018-12-08,464010.0,481765.0
2018-12-09,481307.0,496208.0
2018-12-10,501002.0,511568.0
2018-12-11,540136.0,555108.0
2018-12-12,507937.0,533041.0
2018-12-13,443009.0,475974.0
2018-12-14,418785.0,455192.0
2018-12-15,391718.0,417963.0
2018-12-16,392961.0,416331.0
2018-12-17,427698.0,452496.0
2018-12-18,460971.0,491535.0
2018-12-19,462951.0,494677.0
2018-12-20,429813.0,462117.0
2018-12-21,446356.0,473332.0
2018-12-22,449943.0,467345.0
2018-12-23,432717.0,446871.0
2018-12-24,441629.0,452219.0
2018-12-25,417837.0,432441.0
2018-12-26,406704.0,424098.0
2018-12-27,399206.0,418670.0
2018-12-28,367806.0,386115.0
2018-12-29,398522.0,397467.0
2018-12-30,395921.0,397871.0
2018-12-31,359770.0,360268.0
2019-01-01,343476.0,347031.0
2019-01-02,403570.0,419392.0
2019-01-03,430470.0,445094.0
2019-01-04,424424.0,437865.0
2019-01-05,416637.0,432195.0
2019-01-06,402493.0,419286.0
2019-01-07,394924.0,412963.0
2019-01-08,380376.0,399234.0
2019-01-09,427457.0,443385.0
2019-01-10,507873.0,516972.0
2019-01-11,529939.0,543711.0
2019-01-12,453533.0,469777.0
2019-01-13,426216.0,441199.0
2019-01-14,481365.0,494704.0
2019-01-15,510480.0,524723.0
2019-01-16,512953.0,528253.0
2019-01-17,481430.0,500352.0
2019-01-18,437889.0,455646.0
2019-01-19,401417.0,418711.0
2019-01-20,491996.0,488821.0
2019-01-21,584172.7999999999,584353.0199999993
2019-01-22,551832.0,568967.0
2019-01-23,448664.0,465664.0
2019-01-24,488138.0,504494.0
2019-01-25,521428.0,539451.0
2019-01-26,505054.0,521118.0
2019-01-27,453641.0,471070.0
2019-01-28,468644.0,481019.0
2019-01-29,542143.0,560451.0
2019-01-30,584172.7999999999,584353.0199999993
2019-01-31,584172.7999999999,584353.0199999993
2019-02-01,478433.0,494251.0
2019-02-02,415556.0,432591.0
2019-02-03,377337.0,390785.0
2019-02-04,388206.0,405336.0
2019-02-05,379087.0,381801.0
2019-02-06,369414.0,366256.0
2019-02-07,368522.0,364348.0
2019-02-08,416924.0,415427.0
2019-02-09,492597.0,491447.0
2019-02-10,443385.0,443740.0
2019-02-11,428195.0,427135.0
2019-02-12,400101.0,397123.0
2019-02-13,457976.0,451226.0
2019-02-14,453676.0,452501.0
2019-02-15,402012.0,423088.0
2019-02-16,431510.0,448363.0
2019-02-17,416293.0,433457.0
2019-02-18,443408.0,461543.0
2019-02-19,510796.0,526199.0
2019-02-20,466776.0,484499.0
2019-02-21,429505.0,448895.0
2019-02-22,428923.0,450895.0
2019-02-23,390576.0,408296.0
2019-02-24,356300.0,374089.0
2019-02-25,435815.0,441921.0
2019-02-26,434321.0,448749.0
2019-02-27,394091.0,411569.0
2019-02-28,382840.0,404027.0
2019-03-01,414898.0,432454.0
2019-03-02,407827.0,424327.0
2019-03-03,415712.0,432505.0
2019-03-04,527087.0,541319.0
2019-03-05,556565.0,554947.0
2019-03-06,545597.0,548052.0
2019-03-07,505295.0,519767.0
2019-03-08,446571.0,465291.0
2019-03-09,385578.0,401465.0
2019-03-10,340969.0,354113.0
2019-03-11,376978.0,392201.0
2019-03-12,401235.0,413261.0
2019-03-13,378184.0,392018.0
2019-03-14,360616.0,373042.0
2019-03-15,362119.0,383164.0
2019-03-16,387622.0,403734.0
2019-03-17,385849.0,400327.0
2019-03-18,403585.0,418134.0
2019-03-19,431784.0,447400.0
2019-03-20,413739.0,433195.0
2019-03-21,387895.0,407254.0
2019-03-22,405665.0,419045.0
2019-03-23,368730.0,381078.0
2019-03-24,352605.0,369587.0
2019-03-25,362732.0,381891.0
2019-03-26,386288.0,402463.0
2019-03-27,401096.0,410284.0
2019-03-28,374489.0,389350.0
2019-03-29,360055.0,379617.0
2019-03-30,334183.0,349705.0
2019-03-31,351383.0,365572.0
2019-04-01,420719.0,422442.0
2019-04-02,395172.0,401297.0
2019-04-03,389557.0,397085.0
2019-04-04,367631.0,384496.0
2019-04-05,363552.0,381629.0
2019-04-06,343446.0,346579.0
2019-04-07,335412.0,334132.0
2019-04-08,360110.0,357575.0
2019-04-09,372079.0,366686.0
2019-04-10,375112.0,373327.0
2019-04-11,389548.0,387966.0
2019-04-12,380558.0,381210.0
2019-04-13,335451.0,333054.0
2019-04-14,332045.0,324829.0
2019-04-15,367831.0,367816.0
2019-04-16,375634.0,390822.0
2019-04-17,366596.0,382092.0
2019-04-18,375005.0,387225.0
2019-04-19,351280.0,367056.0
2019-04-20,358678.0,372630.0
2019-04-21,347681.0,360698.0
2019-04-22,359512.0,370521.0
2019-04-23,378037.0,390615.0
2019-04-24,385201.0,395527.0
2019-04-25,381672.0,393078.0
2019-04-26,363786.0,378404.0
2019-04-27,338848.0,353552.0
2019-04-28,336234.0,348635.0
2019-04-29,377913.0,385000.0
2019-04-30,412070.0,414962.0
2019-05-01,416693.0,424777.0
2019-05-02,419099.0,425746.0
2019-05-03,405991.0,415368.0
2019-05-04,363155.0,379770.0
2019-05-05,335908.0,357597.0
2019-05-06,369096.0,382594.0
2019-05-07,400744.0,413788.0
2019-05-08,422216.0,432731.0
2019-05-09,408786.0,420957.0
2019-05-10,383829.0,399345.0
2019-05-11,353364.0,369537.0
2019-05-12,336010.0,352109.0
2019-05-13,351770.0,371386.0
2019-05-14,364475.0,389091.0
2019-05-15,367119.0,387957.0
2019-05-16,403859.0,422545.0
2019-05-17,448083.0,460278.0
2019-05-18,436674.0,451359.0
2019-05-19,406807.0,422165.0
2019-05-20,440379.0,449896.0
2019-05-21,460147.0,468643.0
2019-05-22,481580.0,484336.0
2019-05-23,498037.0,494565.0
2019-05-24,497510.0,496218.0
2019-05-25,477888.0,481109.0
2019-05-26,465438.0,471763.0
2019-05-27,462246.0,470543.0
2019-05-28,496652.0,507431.0
2019-05-29,524261.0,531421.0
2019-05-30,481946.0,491076.0
2019-05-31,462761.0,471617.0
2019-06-01,425169.0,435205.0
2019-06-02,432749.0,441996.0
2019-06-03,458343.0,464564.0
2019-06-04,441253.0,451204.0
2019-06-05,469705.0,475990.0
2019-06-06,451916.0,461396.0
2019-06-07,429978.0,441439.0
2019-06-08,412194.0,424470.0
2019-06-09,411604.0,422799.0
2019-06-10,455314.0,463425.0
2019-06-11,412211.0,426584.0
2019-06-12,400558.0,415344.0
2019-06-13,404959.0,416551.0
2019-06-14,393875.0,404950.0
2019-06-15,408554.0,399979.0
2019-06-16,455378.0,440243.0
2019-06-17,490140.0,479846.0
2019-06-18,465126.0,457472.0
2019-06-19,483814.0,472841.0
2019-06-20,472166.0,467829.0
2019-06-21,485217.0,487806.0
2019-06-22,457064.0,458724.0
2019-06-23,445671.0,453291.0
2019-06-24,474198.0,482695.0
2019-06-25,478797.0,485965.0
2019-06-26,500995.0,508633.0
2019-06-27,495538.0,504321.0
2019-06-28,476486.0,483143.0
2019-06-29,444162.0,454133.0
2019-06-30,457430.0,466620.0
2019-07-01,518775.0,521060.0
2019-07-02,492061.0,500810.0
2019-07-03,493820.0,498473.0
2019-07-04,482736.0,494074.0
2019-07-05,480587.0,487938.0
2019-07-06,489300.0,498632.0
2019-07-07,481257.0,494496.0
2019-07-08,517459.0,522310.0
2019-07-09,555584.0,553034.0
2019-07-10,558807.0,551996.0
2019-07-11,535922.0,536258.0
2019-07-12,493828.0,499833.0
2019-07-13,490971.0,501173.0
2019-07-14,451121.0,470377.0
2019-07-15,467522.0,485736.0
2019-07-16,500137.0,516574.0
2019-07-17,499943.0,517955.0
2019-07-18,525518.0,543599.0
2019-07-19,532443.0,550304.0
2019-07-20,525430.0,542498.0
2019-07-21,484417.0,501196.0
2019-07-22,507275.0,522461.0
2019-07-23,455970.0,475215.0
2019-07-24,436384.0,452456.0
2019-07-25,444800.0,461944.0
2019-07-26,466140.0,482750.0
2019-07-27,465647.0,482998.0
2019-07-28,471368.0,486889.0
2019-07-29,505527.0,521083.0
2019-07-30,498063.0,512906.0
2019-07-31,503781.0,519620.0
2019-08-01,506596.0,519630.0
2019-08-02,500410.0,513265.0
2019-08-03,480481.0,496272.0
2019-08-04,462239.0,477767.0
2019-08-05,478564.0,494596.0
2019-08-06,512330.0,524618.0
2019-08-07,514065.0,525798.0
2019-08-08,494511.0,506189.0
2019-08-09,513461.0,527319.0
2019-08-10,503606.0,511318.0
2019-08-11,495112.0,499622.0
2019-08-12,529984.0,531609.0
2019-08-13,580655.0,580571.0
2019-08-14,537301.0,549401.0
2019-08-15,518291.0,535100.0
2019-08-16,504125.0,519528.0
2019-08-17,501087.0,516155.0
2019-08-18,508419.0,525280.0
2019-08-19,544235.0,552727.0
2019-08-20,554879.0,561970.0
2019-08-21,541020.0,553916.0
2019-08-22,539742.0,554016.0
2019-08-23,502398.0,514588.0
2019-08-24,463779.0,481058.0
2019-08-25,429337.0,445457.0
2019-08-26,436309.0,453555.0
2019-08-27,469091.0,481332.0
2019-08-28,483989.0,498072.0
2019-08-29,448481.0,466967.0
2019-08-30,451095.0,464692.0
2019-08-31,445400.0,455498.0
2019-09-01,447227.0,442706.0
2019-09-02,462285.0,452580.0
2019-09-03,498564.0,486737.0
2019-09-04,517354.0,502224.0
2019-09-05,520328.0,514087.0
2019-09-06,474615.0,470539.0
2019-09-07,485339.0,478935.0
2019-09-08,448007.0,442041.0
2019-09-09,490474.0,480782.0
2019-09-10,519262.0,505810.0
2019-09-11,523218.0,514919.0
2019-09-12,528758.0,517688.0
2019-09-13,539421.0,532130.0
2019-09-14,494382.0,487834.0
2019-09-15,473017.0,469215.0
2019-09-16,507844.0,490791.0
2019-09-17,524177.0,506980.0
2019-09-18,515879.0,503626.0
2019-09-19,495677.0,489130.0
2019-09-20,473358.0,471486.0
2019-09-21,441893.0,438457.0
2019-09-22,429317.0,426684.0
2019-09-23,448452.0,444649.0
2019-09-24,455314.0,450329.0
2019-09-25,436601.0,431103.0
2019-09-26,465883.0,461271.0
2019-09-27,475339.0,467371.0
2019-09-28,474413.0,467745.0
2019-09-29,474600.0,464859.0
2019-09-30,512675.0,494158.0
2019-10-01,465937.0,456491.0
2019-10-02,492498.0,462592.0
2019-10-03,521469.0,489043.0
2019-10-04,490721.0,476328.0
2019-10-05,415691.0,402633.0
2019-10-06,407296.0,396556.0
2019-10-07,389322.0,383249.0
2019-10-08,366645.0,359936.0
2019-10-09,375068.0,367297.0
2019-10-10,395933.0,390202.0
2019-10-11,395876.0,390584.0
2019-10-12,334548.0,329710.0
2019-10-13,322580.0,317607.0
2019-10-14,349382.0,344103.0
2019-10-15,359698.0,350672.0
2019-10-16,358309.0,351054.0
2019-10-17,364849.0,358769.0
2019-10-18,369152.0,364190.0
2019-10-19,340227.0,334455.0
2019-10-20,328972.0,323227.0
2019-10-21,357764.0,350129.0
2019-10-22,355878.0,351033.0
2019-10-23,365677.0,360002.0
2019-10-24,372614.0,368271.0
2019-10-25,362531.0,358209.0
2019-10-26,343205.0,340193.0
2019-10-27,323268.0,320710.0
2019-10-28,350366.0,348598.0
2019-10-29,359673.0,359051.0
2019-10-30,362054.0,363324.0
2019-10-31,376913.0,374842.0
2019-11-01,438932.0,434523.0
2019-11-02,418219.0,415368.0
2019-11-03,389999.0,387338.0
2019-11-04,396823.0,389141.0
2019-11-05,397368.0,391402.0
2019-11-06,389377.0,385760.0
2019-11-07,379621.0,378656.0
2019-11-08,432857.0,425354.0
2019-11-09,456881.0,444518.0
2019-11-10,391253.0,387066.0
2019-11-11,383345.0,381845.0
2019-11-12,497071.0,487585.0
2019-11-13,577515.0,550958.0
2019-11-14,502531.0,492273.0
2019-11-15,454085.0,439836.0
2019-11-16,443044.0,415657.0
2019-11-17,417165.0,392468.0
2019-11-18,408975.0,386829.0
2019-11-19,409645.0,384565.0
2019-11-20,406060.0,381553.0
2019-11-21,398018.0,365290.0
2019-11-22,382095.0,365280.0
2019-11-23,374943.0,361418.0
2019-11-24,395055.0,378338.0
2019-11-25,432399.0,409400.0
2019-11-26,415246.0,408695.0
2019-11-27,373260.0,369143.0
2019-11-28,394519.0,390845.0
2019-11-29,361993.0,358136.0
2019-11-30,348062.0,344181.0
2019-12-01,337366.0,334255.0
2019-12-02,447923.0,440125.0
2019-12-03,485142.0,477447.0
2019-12-04,464782.0,458625.0
2019-12-05,437109.0,433818.0
2019-12-06,414459.0,411632.0
2019-12-07,391745.0,389645.0
2019-12-08,391779.0,389375.0
2019-12-09,382303.0,379168.0
2019-12-10,414837.0,412001.0
2019-12-11,508182.0,498495.0
2019-12-12,508211.0,495062.0
2019-12-13,447370.0,443584.0
2019-12-14,413373.0,413267.0
2019-12-15,402598.0,404626.0
2019-12-16,397384.0,398859.0
2019-12-17,437588.0,437271.0
2019-12-18,530920.0,527275.0
2019-12-19,533650.0,529610.0
2019-12-20,507803.0,506943.0
2019-12-21,436646.0,437182.0
2019-12-22,410367.0,413534.0
2019-12-23,388104.0,390848.0
2019-12-24,364978.0,364519.0
2019-12-25,336593.0,335792.0
2019-12-26,341479.0,339267.0
2019-12-27,358634.0,360205.0
2019-12-28,344197.0,344477.0
2019-12-29,326015.0,326188.0
2019-12-30,353524.0,354255.0
2019-12-31,408102.0,409913.0
2020-01-01,414003.0,416270.0
2020-01-02,414057.0,414446.0
2020-01-03,395556.0,395365.0
2020-01-04,386324.0,386756.0
2020-01-05,442759.0,441411.0
2020-01-06,440940.0,441031.0
2020-01-07,426608.0,429524.0
2020-01-08,454417.0,456932.0
2020-01-09,443834.0,447040.0
2020-01-10,387762.0,390295.0
2020-01-11,346701.0,353164.0
2020-01-12,363998.0,364450.0
2020-01-13,411258.0,412214.0
2020-01-14,386011.0,386776.0
2020-01-15,370404.0,373762.0
2020-01-16,381203.0,387965.0
2020-01-17,461866.0,462267.0
2020-01-18,418581.0,420094.0
2020-01-19,429679.0,431939.0
2020-01-20,565380.0,558041.0
2020-01-21,581664.0,574535.0
2020-01-22,568078.0,565150.0
2020-01-23,492817.0,491601.0
2020-01-24,447485.0,448294.0
2020-01-25,454435.0,454584.0
2020-01-26,462714.0,459841.0
2020-01-27,430841.0,429655.0
2020-01-28,466081.0,466684.0
2020-01-29,456663.0,464605.0
2020-01-30,446244.0,451065.0
2020-01-31,431718.0,436234.0
2020-02-01,420201.0,432994.0
2020-02-02,417482.0,424185.0
2020-02-03,387429.0,390924.0
2020-02-04,379448.0,381610.0
2020-02-05,387682.0,386098.0
2020-02-06,412369.0,415949.0
2020-02-07,495999.0,496629.0
2020-02-08,493784.0,495979.0
2020-02-09,445832.0,448977.0
2020-02-10,413336.0,417808.0
2020-02-11,418007.0,422840.0
2020-02-12,444281.0,448245.0
2020-02-13,424770.0,428146.0
2020-02-14,520373.0,506386.0
2020-02-15,511732.0,508715.0
2020-02-16,405268.0,410470.0
2020-02-17,410864.0,416123.0
2020-02-18,390983.0,398614.0
2020-02-19,436004.0,440194.0
2020-02-20,470670.0,471755.0
2020-02-21,524146.0,524011.0
2020-02-22,494454.0,493745.0
2020-02-23,433137.0,438425.0
2020-02-24,433910.0,435307.0
2020-02-25,410821.0,412752.0
2020-02-26,430165.0,433187.0
2020-02-27,498831.0,499707.0
2020-02-28,479401.0,480397.0
2020-02-29,447822.0,449493.0
2020-03-01,425599.0,422860.0
2020-03-02,390824.0,389909.0
2020-03-03,372726.0,372326.0
2020-03-04,374293.0,374442.0
2020-03-05,386691.0,385945.0
2020-03-06,403740.0,402462.0
2020-03-07,423578.0,422738.0
2020-03-08,394070.0,394299.0
2020-03-09,379470.0,383708.0
2020-03-10,370654.0,372751.0
2020-03-11,377573.0,378704.0
2020-03-12,373303.0,372788.0
2020-03-13,361886.0,364818.0
2020-03-14,364762.0,364331.0
2020-03-15,367150.0,365347.0
2020-03-16,405944.0,401881.0
2020-03-17,390261.0,388462.0
2020-03-18,375753.0,372960.0
2020-03-19,366999.0,364941.0
2020-03-20,367109.0,365728.0
2020-03-21,349293.0,348839.0
2020-03-22,370147.0,365587.0
2020-03-23,360866.0,358046.0
2020-03-24,369512.0,362256.0
2020-03-25,358460.0,352857.0
2020-03-26,362061.0,361310.0
2020-03-27,364462.0,361571.0
2020-03-28,361446.0,347604.0
2020-03-29,336879.0,332860.0
2020-03-30,332288.0,330828.0
2020-03-31,350870.0,352214.0
2020-04-01,372899.0,370833.0
2020-04-02,359022.0,357508.0
2020-04-03,342813.0,340341.0
2020-04-04,321892.0,318102.0
2020-04-05,322826.0,316339.0
2020-04-06,347520.0,340149.0
2020-04-07,353077.0,350834.0
2020-04-08,362401.0,358985.0
2020-04-09,341941.0,339490.0
2020-04-10,326837.0,332460.0
2020-04-11,337853.0,334049.0
2020-04-12,315246.0,311107.0
2020-04-13,324039.0,321204.0
2020-04-14,362165.0,355402.0
2020-04-15,380304.0,372881.0
2020-04-16,363221.0,362208.0
2020-04-17,346481.0,343487.0
2020-04-18,322881.0,319563.0
2020-04-19,332920.0,331670.0
2020-04-20,335016.0,331276.0
2020-04-21,364051.0,360836.0
2020-04-22,331327.0,328975.0
2020-04-23,330158.0,329745.0
2020-04-24,327898.0,325917.0
2020-04-25,315273.0,315024.0
2020-04-26,319189.0,318143.0
2020-04-27,349663.0,345980.0
2020-04-28,336424.0,333387.0
2020-04-29,330850.0,330348.0
2020-04-30,332119.0,331063.0
2020-05-01,339814.0,335993.0
2020-05-02,334858.0,331910.0
2020-05-03,347028.0,341996.0
2020-05-04,358998.0,354010.0
2020-05-05,357340.0,354263.0
2020-05-06,333839.0,332209.0
2020-05-07,348010.0,345868.0
2020-05-08,341002.0,338863.0
2020-05-09,341586.0,334613.0
2020-05-10,328381.0,324344.0
2020-05-11,332701.0,327654.0
2020-05-12,343045.0,336058.0
2020-05-13,340767.0,325927.0
2020-05-14,362788.0,346085.0
2020-05-15,379130.0,360791.0
2020-05-16,377504.0,361026.0
2020-05-17,371626.0,360916.0
2020-05-18,377095.0,372863.0
2020-05-19,349223.0,346298.0
2020-05-20,343987.0,339894.0
2020-05-21,350481.0,345347.0
2020-05-22,360755.0,351609.0
2020-05-23,371233.0,360952.0
2020-05-24,399904.0,389971.0
2020-05-25,406904.0,399194.0
2020-05-26,406601.0,401941.0
2020-05-27,394014.0,391288.0
2020-05-28,397872.0,394340.0
2020-05-29,405393.0,404511.0
2020-05-30,388918.0,385726.0
2020-05-31,364422.0,360697.0
2020-06-01,383102.0,378267.0
2020-06-02,430223.0,421814.0
2020-06-03,466982.0,462646.0
2020-06-04,461330.0,456461.0
2020-06-05,460801.0,456447.0
2020-06-06,449716.0,440340.0
2020-06-07,473227.0,460628.0
2020-06-08,480230.0,473922.0
2020-06-09,483495.0,477855.0
2020-06-10,499033.0,485475.0
2020-06-11,435030.0,428914.0
2020-06-12,422206.0,417481.0
2020-06-13,416400.0,410405.0
2020-06-14,402285.0,400015.0
2020-06-15,409040.0,405916.0
2020-06-16,405610.0,404061.0
2020-06-17,410013.0,411615.0
2020-06-18,420428.0,421536.0
2020-06-19,445670.0,446402.0
2020-06-20,451302.0,444272.0
2020-06-21,435558.0,430325.0
2020-06-22,446181.0,443486.0
2020-06-23,460093.0,458149.0
2020-06-24,438101.0,438280.0
2020-06-25,453480.0,450453.0
2020-06-26,446871.0,445060.0
2020-06-27,418148.0,418954.0
2020-06-28,452943.0,449486.0
2020-06-29,479410.0,475890.0
2020-06-30,461643.0,464552.0
2020-07-01,447568.0,448127.0
2020-07-02,464807.0,467731.0
2020-07-03,487306.0,482754.0
2020-07-04,475702.0,470785.0
2020-07-05,466385.0,461535.0
2020-07-06,480698.0,477349.0
2020-07-07,511251.0,506241.0
2020-07-08,514886.0,509067.0
2020-07-09,519358.0,510385.0
2020-07-10,535851.0,530429.0
2020-07-11,499703.0,496490.0
2020-07-12,457754.0,456862.0
2020-07-13,487179.0,483438.0
2020-07-14,513083.0,511645.0
2020-07-15,530377.0,523447.0
2020-07-16,560285.0,551145.0
2020-07-17,548721.0,544211.0
2020-07-18,538325.0,534771.0
2020-07-19,534365.0,530230.0
2020-07-20,554884.0,528137.0
2020-07-21,544230.0,507455.0
2020-07-22,518577.0,483870.0
2020-07-23,506874.0,478960.0
2020-07-24,512377.0,485943.0
2020-07-25,495151.0,482080.0
2020-07-26,490745.0,479924.0
2020-07-27,525063.0,497399.0
2020-07-28,530590.0,497467.0
2020-07-29,523240.0,501950.0
2020-07-30,523862.0,518275.0
2020-07-31,529702.0,526913.0
2020-08-01,463904.0,461171.0
2020-08-02,433688.0,433520.0
2020-08-03,471312.0,470885.0
2020-08-04,473882.0,475186.0
2020-08-05,465433.0,467007.0
2020-08-06,475708.0,475562.0
2020-08-07,487134.0,483971.0
2020-08-08,487508.0,488340.0
2020-08-09,494659.0,493504.0
2020-08-10,531508.0,525552.0
2020-08-11,530939.0,519721.0
2020-08-12,520645.0,511491.0
2020-08-13,512673.0,509624.0
2020-08-14,497277.0,496312.0
2020-08-15,476541.0,471935.0
2020-08-16,471568.0,467710.0
2020-08-17,483301.0,478092.0
2020-08-18,492476.0,491126.0
2020-08-19,466076.0,469579.0
2020-08-20,465295.0,467483.0
2020-08-21,449292.0,454267.0
2020-08-22,422775.0,431417.0
2020-08-23,443291.0,445564.0
2020-08-24,492004.0,490571.0
2020-08-25,514963.0,507924.0
2020-08-26,499147.0,488981.0
2020-08-27,515487.0,499455.0
2020-08-28,488989.0,484219.0
2020-08-29,473695.0,466013.0
2020-08-30,467915.0,461384.0
2020-08-31,480817.0,472031.0
2020-09-01,486791.0,481748.0
2020-09-02,510791.0,500042.0
2020-09-03,513921.0,506585.0
2020-09-04,499318.0,494419.0
2020-09-05,416947.0,418688.0
2020-09-06,403168.0,407728.0
2020-09-07,416311.0,417604.0
2020-09-08,460460.0,457835.0
2020-09-09,477000.0,467531.0
2020-09-10,489110.0,474056.0
2020-09-11,502733.0,481886.0
2020-09-12,478431.0,465358.0
2020-09-13,435285.0,432882.0
2020-09-14,456766.0,454449.0
2020-09-15,449023.0,447930.0
2020-09-16,437291.0,436052.0
2020-09-17,448079.0,446153.0
2020-09-18,412218.0,413529.0
2020-09-19,356752.0,358386.0
2020-09-20,353337.0,353774.0
2020-09-21,374112.0,375336.0
2020-09-22,370743.0,375480.0
2020-09-23,366106.0,371683.0
2020-09-24,361354.0,369555.0
2020-09-25,368834.0,377413.0
2020-09-26,366830.0,376045.0
2020-09-27,370487.0,381028.0
2020-09-28,395914.0,404058.0
2020-09-29,363975.0,370084.0
2020-09-30,360829.0,363968.0
2020-10-01,364683.0,367382.0
2020-10-02,354440.0,357933.0
2020-10-03,339030.0,341243.0
2020-10-04,326507.0,328815.0
2020-10-05,356908.0,358429.0
2020-10-06,369132.0,373508.0
2020-10-07,373769.0,376803.0
2020-10-08,376309.0,380645.0
2020-10-09,376855.0,382377.0
2020-10-10,355165.0,356071.0
2020-10-11,350918.0,350778.0
2020-10-12,390654.0,386006.0
2020-10-13,374694.0,376960.0
2020-10-14,364303.0,365269.0
2020-10-15,367512.0,369771.0
2020-10-16,353346.0,362337.0
2020-10-17,350231.0,359760.0
2020-10-18,333950.0,343789.0
2020-10-19,361709.0,367483.0
2020-10-20,384956.0,385617.0
2020-10-21,393121.0,391808.0
2020-10-22,402984.0,391880.0
2020-10-23,401574.0,394477.0
2020-10-24,354365.0,355776.0
2020-10-25,333047.0,335818.0
2020-10-26,360185.0,359416.0
2020-10-27,367293.0,364149.0
2020-10-28,369742.0,359015.0
2020-10-29,375728.0,360024.0
2020-10-30,366670.0,365702.0
2020-10-31,364149.0,367628.0
2020-11-01,334064.0,335538.0
2020-11-02,382570.0,380670.0
2020-11-03,417258.0,413442.0
2020-11-04,389024.0,392023.0
2020-11-05,374310.0,378966.0
2020-11-06,373406.0,369935.0
2020-11-07,351642.0,353938.0
2020-11-08,341209.0,342988.0
2020-11-09,370021.0,371087.0
2020-11-10,380367.0,380313.0
2020-11-11,380203.0,372788.0
2020-11-12,367566.0,367695.0
2020-11-13,371207.0,372243.0
2020-11-14,367638.0,365450.0
2020-11-15,335205.0,332182.0
2020-11-16,393488.0,387556.0
2020-11-17,412667.0,392922.0
2020-11-18,430288.0,411289.0
2020-11-19,418619.0,411862.0
2020-11-20,394868.0,393269.0
2020-11-21,366369.0,369690.0
2020-11-22,349598.0,352135.0
2020-11-23,395089.0,390832.0
2020-11-24,432353.0,421173.0
2020-11-25,390397.0,390858.0
2020-11-26,354374.0,355468.0
2020-11-27,352618.0,353296.0
2020-11-28,348458.0,349352.0
2020-11-29,390940.0,391460.0
2020-11-30,446515.0,437676.0
2020-12-01,524579.0,510196.0
2020-12-02,531290.0,517888.0
2020-12-03,501191.0,490004.0
2020-12-04,440857.0,443310.0
2020-12-05,443897.0,447825.0
2020-12-06,437024.0,440360.0
2020-12-07,457301.0,457333.0
2020-12-08,498459.0,491704.0
2020-12-09,490694.0,484308.0
2020-12-10,435466.0,437556.0
2020-12-11,415729.0,419685.0
2020-12-12,374603.0,377533.0
2020-12-13,382226.0,384553.0
2020-12-14,448050.0,448824.0
2020-12-15,510352.0,507114.0
2020-12-16,475290.0,483251.0
2020-12-17,511363.0,525591.0
2020-12-18,541783.0,548098.0
2020-12-19,502879.0,512153.0
2020-12-20,429879.0,435774.0
2020-12-21,442563.0,449096.0
2020-12-22,442478.0,449998.0
2020-12-23,450788.0,458910.0
2020-12-24,419882.0,425174.0
2020-12-25,528342.0,520643.0
2020-12-26,547453.0,538198.0
2020-12-27,467097.0,473214.0
2020-12-28,419555.0,427795.0
2020-12-29,460299.0,471906.0
2020-12-30,416334.0,425599.0
2020-12-31,401534.0,408050.0
2021-01-01,373070.0,380857.0
2021-01-02,369334.0,376631.0
2021-01-03,402862.0,410029.0
2021-01-04,467434.0,468047.0
2021-01-05,441317.0,446369.0
2021-01-06,492421.0,495019.0
2021-01-07,498456.0,499142.0
2021-01-08,512492.0,508815.0
2021-01-09,518141.0,518928.0
2021-01-10,503318.0,505362.0
2021-01-11,532730.0,529569.0
2021-01-12,531870.0,524510.0
2021-01-13,547296.0,533123.0
2021-01-14,502415.0,486319.0
2021-01-15,460307.0,465532.0
2021-01-16,490568.0,492560.0
2021-01-17,462219.0,462786.0
2021-01-18,468463.0,474973.0
2021-01-19,471049.0,480497.0
2021-01-20,458330.0,465567.0
2021-01-21,461012.0,468752.0
2021-01-22,460705.0,466325.0
2021-01-23,474841.0,474401.0
2021-01-24,440147.0,446572.0
2021-01-25,417667.0,421798.0
2021-01-26,386136.0,391248.0
2021-01-27,422083.0,428582.0
2021-01-28,504000.0,504599.0
2021-01-29,537204.0,531690.0
2021-01-30,489359.0,493514.0
2021-01-31,420940.0,427806.0
2021-02-01,506620.0,504688.0
2021-02-02,544247.0,535594.0
2021-02-03,528907.0,518066.0
2021-02-04,532157.0,535453.0
2021-02-05,470060.0,475204.0
2021-02-06,486264.0,491445.0
2021-02-07,476672.0,484214.0
2021-02-08,521224.0,518658.0
2021-02-09,462378.0,465663.0
2021-02-10,444688.0,448814.0
2021-02-11,463467.0,467039.0
2021-02-12,533659.0,532501.0
2021-02-13,547560.0,545851.0
2021-02-14,568892.0,562873.0
2021-02-15,582673.0,579355.0
2021-02-16,584172.7999999999,584353.0199999993
2021-02-17,584172.7999999999,575436.0
2021-02-18,547543.0,523306.0
2021-02-19,557712.0,552205.0
2021-02-20,555405.0,553344.0
2021-02-21,492069.0,494267.0
2021-02-22,423877.0,428645.0
2021-02-23,442154.0,451793.0
2021-02-24,400937.0,411284.0
2021-02-25,377062.0,392982.0
2021-02-26,406967.0,414927.0
2021-02-27,372930.0,378488.0
2021-02-28,339920.0,344845.0
2021-03-01,373392.0,378715.0
2021-03-02,452951.0,458938.0
2021-03-03,439413.0,445760.0
2021-03-04,414246.0,419246.0
2021-03-05,408876.0,416334.0
2021-03-06,416182.0,418558.0
2021-03-07,415196.0,415267.0
2021-03-08,424863.0,422856.0
2021-03-09,409955.0,407642.0
2021-03-10,389143.0,387040.0
2021-03-11,369168.0,369298.0
2021-03-12,366964.0,368174.0
2021-03-13,351616.0,350338.0
2021-03-14,344681.0,342852.0
2021-03-15,367905.0,370325.0
2021-03-16,374048.0,378294.0
2021-03-17,372735.0,375115.0
2021-03-18,369740.0,371898.0
2021-03-19,412571.0,410968.0
2021-03-20,391384.0,390186.0
2021-03-21,368043.0,367770.0
2021-03-22,369764.0,368607.0
2021-03-23,369660.0,372639.0
2021-03-24,369210.0,373854.0
2021-03-25,371691.0,376901.0
2021-03-26,369224.0,375160.0
2021-03-27,354895.0,360129.0
2021-03-28,337589.0,347281.0
2021-03-29,385242.0,386565.0
2021-03-30,383167.0,382088.0
2021-03-31,371621.0,372801.0
2021-04-01,428992.0,422056.0
2021-04-02,434455.0,429047.0
2021-04-03,400246.0,399852.0
2021-04-04,356275.0,356971.0
2021-04-05,363455.0,366964.0
2021-04-06,375783.0,379935.0
2021-04-07,386372.0,389251.0
2021-04-08,378932.0,379587.0
2021-04-09,379693.0,378631.0
2021-04-10,354738.0,353782.0
2021-04-11,332735.0,333857.0
2021-04-12,367467.0,364537.0
2021-04-13,375689.0,373542.0
2021-04-14,369071.0,368000.0
2021-04-15,365192.0,368561.0
2021-04-16,367182.0,366306.0
2021-04-17,343463.0,345034.0
2021-04-18,338471.0,341414.0
2021-04-19,364948.0,357427.0
2021-04-20,376780.0,364120.0
2021-04-21,385045.0,368417.0
2021-04-22,415917.0,397888.0
2021-04-23,391200.0,380102.0
2021-04-24,360477.0,346539.0
2021-04-25,338429.0,329753.0
2021-04-26,371566.0,360430.0
2021-04-27,390269.0,380609.0
2021-04-28,408212.0,395936.0
2021-04-29,401132.0,392865.0
2021-04-30,384544.0,375502.0
2021-05-01,356074.0,348836.0
2021-05-02,342903.0,340645.0
2021-05-03,389736.0,387202.0
2021-05-04,416933.0,412408.0
2021-05-05,375779.0,376049.0
2021-05-06,367525.0,370163.0
2021-05-07,365074.0,370837.0
2021-05-08,347025.0,348765.0
2021-05-09,341724.0,344455.0
2021-05-10,360320.0,360929.0
2021-05-11,369533.0,367341.0
2021-05-12,366689.0,364348.0
2021-05-13,373452.0,368525.0
2021-05-14,371651.0,368469.0
2021-05-15,355578.0,352148.0
2021-05-16,352679.0,351033.0
2021-05-17,387722.0,385555.0
2021-05-18,397306.0,394084.0
2021-05-19,412566.0,408720.0
2021-05-20,434796.0,430536.0
2021-05-21,436470.0,432039.0
2021-05-22,424905.0,417951.0
2021-05-23,426763.0,421296.0
2021-05-24,462559.0,453083.0
2021-05-25,488476.0,478699.0
2021-05-26,474136.0,470709.0
2021-05-27,465292.0,463255.0
2021-05-28,453626.0,450449.0
2021-05-29,355802.0,356366.0
2021-05-30,329241.0,329369.0
2021-05-31,347739.0,346662.0
2021-06-01,393657.0,388743.0
2021-06-02,409917.0,410543.0
2021-06-03,419053.0,417935.0
2021-06-04,439899.0,427121.0
2021-06-05,438256.0,425526.0
2021-06-06,416880.0,409305.0
2021-06-07,441471.0,431349.0
2021-06-08,469294.0,461549.0
2021-06-09,445736.0,440208.0
2021-06-10,455590.0,454031.0
2021-06-11,475185.0,469814.0
2021-06-12,493257.0,481722.0
2021-06-13,494770.0,478126.0
2021-06-14,538439.0,517341.0
2021-06-15,503071.0,489489.0
2021-06-16,466843.0,455184.0
2021-06-17,484652.0,473439.0
2021-06-18,506993.0,491398.0
2021-06-19,471390.0,462741.0
2021-06-20,461419.0,452514.0
2021-06-21,521239.0,508906.0
2021-06-22,444981.0,442228.0
2021-06-23,429589.0,430743.0
2021-06-24,472236.0,463225.0
2021-06-25,502177.0,488914.0
2021-06-26,483608.0,463392.0
2021-06-27,493417.0,471705.0
2021-06-28,537337.0,501653.0
2021-06-29,537687.0,501492.0
2021-06-30,510453.0,486872.0
2021-07-01,498476.0,482946.0
2021-07-02,467486.0,460070.0
2021-07-03,417299.0,415023.0
2021-07-04,409556.0,404479.0
2021-07-05,453195.0,441319.0
2021-07-06,510057.0,488559.0
2021-07-07,496820.0,484739.0
2021-07-08,494841.0,481620.0
2021-07-09,512382.0,492031.0
2021-07-10,485601.0,472637.0
2021-07-11,462844.0,457833.0
2021-07-12,480293.0,466973.0
2021-07-13,484170.0,472266.0
2021-07-14,501125.0,482582.0
2021-07-15,529203.0,505140.0
2021-07-16,539344.0,512544.0
2021-07-17,481999.0,467383.0
2021-07-18,456960.0,446863.0
2021-07-19,466213.0,451469.0
2021-07-20,481807.0,465547.0
2021-07-21,498390.0,481374.0
2021-07-22,516814.0,493295.0
2021-07-23,514773.0,492669.0
2021-07-24,513804.0,491188.0
2021-07-25,532586.0,506188.0
2021-07-26,548050.0,504919.0
2021-07-27,552602.0,508491.0
2021-07-28,570183.0,506679.0
2021-07-29,569503.0,501222.0
2021-07-30,579933.0,514727.0
2021-07-31,540472.0,492636.0
2021-08-01,492202.0,465873.0
2021-08-02,474568.0,454683.0
2021-08-03,470552.0,450288.0
2021-08-04,461092.0,443832.0
2021-08-05,474121.0,453823.0
2021-08-06,485865.0,464323.0
2021-08-07,470491.0,455889.0
2021-08-08,478877.0,465711.0
2021-08-09,539146.0,507736.0
2021-08-10,575063.0,527002.0
2021-08-11,584172.7999999999,536861.0
2021-08-12,562442.0,514976.0
2021-08-13,550842.0,508890.0
2021-08-14,501396.0,471066.0
2021-08-15,473334.0,459432.0
2021-08-16,481139.0,473490.0
2021-08-17,496333.0,484899.0
2021-08-18,505309.0,492208.0
2021-08-19,495994.0,485314.0
2021-08-20,484800.0,476575.0
2021-08-21,484784.0,478803.0
2021-08-22,493716.0,486484.0
2021-08-23,535584.0,521549.0
2021-08-24,558726.0,541811.0
2021-08-25,567684.0,545981.0
2021-08-26,567937.0,548887.0
2021-08-27,558477.0,544549.0
2021-08-28,532141.0,522547.0
2021-08-29,516666.0,506628.0
2021-08-30,503585.0,495059.0
2021-08-31,454936.0,458287.0
2021-09-01,469143.0,467152.0
2021-09-02,466676.0,457982.0
2021-09-03,448148.0,442631.0
2021-09-04,435678.0,428729.0
2021-09-05,416445.0,413680.0
2021-09-06,421713.0,416708.0
2021-09-07,442621.0,434168.0
2021-09-08,474868.0,463342.0
2021-09-09,446255.0,440212.0
2021-09-10,420839.0,417718.0
2021-09-11,406626.0,400786.0
2021-09-12,422743.0,413328.0
2021-09-13,476251.0,465343.0
2021-09-14,490436.0,479132.0
2021-09-15,459958.0,455330.0
2021-09-16,449897.0,441508.0
2021-09-17,452686.0,443649.0
2021-09-18,425545.0,425689.0
2021-09-19,401597.0,405066.0
2021-09-20,435864.0,434756.0
2021-09-21,446549.0,442566.0
2021-09-22,414589.0,417461.0
2021-09-23,371148.0,373197.0
2021-09-24,373365.0,373475.0
2021-09-25,360574.0,359490.0
2021-09-26,364619.0,362789.0
2021-09-27,404494.0,395979.0
2021-09-28,431316.0,416360.0
2021-09-29,448776.0,425914.0
2021-09-30,444680.0,423405.0
2021-10-01,442860.0,417694.0
2021-10-02,406741.0,379108.0
2021-10-03,390877.0,369074.0
2021-10-04,420136.0,396710.0
2021-10-05,413094.0,389353.0
2021-10-06,411125.0,394294.0
2021-10-07,422839.0,410065.0
2021-10-08,421519.0,405456.0
2021-10-09,406441.0,388181.0
2021-10-10,409194.0,389525.0
2021-10-11,428823.0,406080.0
2021-10-12,426061.0,407128.0
2021-10-13,430405.0,407348.0
2021-10-14,440909.0,411263.0
2021-10-15,434033.0,411823.0
2021-10-16,366229.0,355241.0
2021-10-17,333763.0,321051.0
2021-10-18,365809.0,353378.0
2021-10-19,376289.0,364602.0
2021-10-20,377883.0,367779.0
2021-10-21,386764.0,371437.0
2021-10-22,368084.0,351806.0
2021-10-23,349515.0,331515.0
2021-10-24,348415.0,330219.0
2021-10-25,375009.0,351212.0
2021-10-26,371898.0,348443.0
2021-10-27,385115.0,359913.0
2021-10-28,375444.0,352552.0
2021-10-29,374916.0,354410.0
2021-10-30,363812.0,339054.0
2021-10-31,349506.0,324817.0
2021-11-01,375796.0,349994.0
2021-11-02,396752.0,368285.0
2021-11-03,425675.0,397957.0
2021-11-04,441264.0,411546.0
2021-11-05,441821.0,406533.0
2021-11-06,408714.0,378561.0
2021-11-07,401472.0,372023.0
2021-11-08,396735.0,371605.0
2021-11-09,402589.0,372214.0
2021-11-10,389755.0,375557.0
2021-11-11,383860.0,380010.0
2021-11-12,395848.0,378479.0
2021-11-13,402884.0,381795.0
2021-11-14,435345.0,412077.0
2021-11-15,433157.0,411475.0
2021-11-16,420330.0,399197.0
2021-11-17,381260.0,374356.0
2021-11-18,382344.0,370879.0
2021-11-19,467551.0,442860.0
2021-11-20,455899.0,429949.0
2021-11-21,409720.0,397851.0
2021-11-22,408836.0,385644.0
2021-11-23,502285.0,470358.0
2021-11-24,489169.0,459084.0
2021-11-25,415512.0,391768.0
2021-11-26,414637.0,388282.0
2021-11-27,466644.0,438319.0
2021-11-28,419496.0,394811.0
2021-11-29,472117.0,440114.0
2021-11-30,471022.0,441711.0
2021-12-01,434690.0,406447.0
2021-12-02,406373.0,380307.0
2021-12-03,400661.0,379304.0
2021-12-04,374959.0,351396.0
2021-12-05,364418.0,357404.0
2021-12-06,384342.0,370439.0
2021-12-07,493377.0,460829.0
2021-12-08,462667.0,432780.0
2021-12-09,487027.0,457892.0
2021-12-10,411157.0,395650.0
2021-12-11,360504.0,360725.0
2021-12-12,430743.0,411897.0
2021-12-13,476475.0,448183.0
2021-12-14,457079.0,435518.0
2021-12-15,416509.0,413973.0
2021-12-16,396662.0,396160.0
2021-12-17,387075.0,385496.0
2021-12-18,374123.0,374225.0
2021-12-19,406228.0,394438.0
2021-12-20,499319.0,470587.0
2021-12-21,476826.0,456584.0
2021-12-22,479272.0,453351.0
2021-12-23,493432.0,466028.0
2021-12-24,401586.0,394208.0
2021-12-25,330157.0,326930.0
2021-12-26,318649.0,316021.0
2021-12-27,348702.0,347862.0
2021-12-28,358478.0,356610.0
2021-12-29,357298.0,357722.0
2021-12-30,357985.0,357454.0
2021-12-31,355950.0,359352.0
2022-01-01,341509.0,342791.0
2022-01-02,354824.0,351718.0
2022-01-03,503183.0,475296.0
2022-01-04,546313.0,524465.0
2022-01-05,479320.0,481190.0
2022-01-06,518259.0,511684.0
2022-01-07,584172.7999999999,580830.0
2022-01-08,570309.0,563091.0
2022-01-09,436398.0,447043.0
2022-01-10,504955.0,500592.0
2022-01-11,531962.0,513591.0
2022-01-12,517125.0,508156.0
2022-01-13,468100.0,471211.0
2022-01-14,473561.0,474438.0
2022-01-15,467462.0,464259.0
2022-01-16,493629.0,478816.0
2022-01-17,555896.0,529943.0
2022-01-18,546125.0,525869.0
2022-01-19,482192.0,479805.0
2022-01-20,538861.0,522360.0
2022-01-21,584172.7999999999,584353.0199999993
2022-01-22,584172.7999999999,573279.0
2022-01-23,551715.0,531187.0
2022-01-24,513143.0,502805.0
2022-01-25,472648.0,476036.0
2022-01-26,561596.0,536227.0
2022-01-27,567693.0,551402.0
2022-01-28,512041.0,511482.0
2022-01-29,583823.0,565982.0
2022-01-30,533831.0,515007.0
2022-01-31,477665.0,463415.0
2022-02-01,481483.0,486538.0
2022-02-02,444006.0,450677.0
2022-02-03,459648.0,462907.0
2022-02-04,520862.0,518820.0
2022-02-05,570427.0,546225.0
2022-02-06,537528.0,526427.0
2022-02-07,523307.0,519132.0
2022-02-08,518051.0,509148.0
2022-02-09,477089.0,482134.0
2022-02-10,451454.0,456112.0
2022-02-11,441163.0,443208.0
2022-02-12,409157.0,406810.0
2022-02-13,497324.0,479814.0
2022-02-14,518074.0,489381.0
2022-02-15,491163.0,467487.0
2022-02-16,423692.0,417553.0
2022-02-17,390432.0,385219.0
2022-02-18,463305.0,445737.0
2022-02-19,507679.0,481588.0
2022-02-20,464092.0,452883.0
2022-02-21,422009.0,420158.0
2022-02-22,403369.0,398797.0
2022-02-23,417904.0,409444.0
2022-02-24,470027.0,462667.0
2022-02-25,462348.0,449323.0
2022-02-26,509625.0,481815.0
2022-02-27,459709.0,439127.0
2022-02-28,475307.0,449531.0
